gene,reference_direction,reference_program,source_rank,avg_log2FC_day21,avg_log2FC_day50,source_file
Sult1a1,HFD_higher,persistent_HFD_up,1,0.673916914290619,1.62131758337874,common_upregulated(1).xlsx
Csrp2,HFD_higher,persistent_HFD_up,2,1.09279134198442,1.32537579584799,common_upregulated(1).xlsx
Hmgcs2,HFD_higher,persistent_HFD_up,3,0.581853275559736,1.23868467111844,common_upregulated(1).xlsx
Clca3b,HFD_higher,persistent_HFD_up,4,1.01325083458342,1.22963141507141,common_upregulated(1).xlsx
Kcne3,HFD_higher,persistent_HFD_up,5,0.784220295712972,1.21394269554968,common_upregulated(1).xlsx
Aqp4,HFD_higher,persistent_HFD_up,6,1.13735236484019,1.10569070418179,common_upregulated(1).xlsx
Mgst1,HFD_higher,persistent_HFD_up,7,1.0185260493867,1.05814323380531,common_upregulated(1).xlsx
Gsdmc4,HFD_higher,persistent_HFD_up,8,1.3566154894448,1.05665843385103,common_upregulated(1).xlsx
Ifitm3,HFD_higher,persistent_HFD_up,9,0.412817113541712,1.00433066224671,common_upregulated(1).xlsx
Cftr,HFD_higher,persistent_HFD_up,10,0.590538675932436,0.95817136063801,common_upregulated(1).xlsx
Gas5,HFD_higher,persistent_HFD_up,11,0.468341190974797,0.92436104394338,common_upregulated(1).xlsx
Nxpe2,HFD_higher,persistent_HFD_up,12,0.677166718185952,0.914437999923464,common_upregulated(1).xlsx
Hes1,HFD_higher,persistent_HFD_up,13,0.59890509708024,0.909765230580415,common_upregulated(1).xlsx
Gstm1,HFD_higher,persistent_HFD_up,14,0.656208381477028,0.90916456464156,common_upregulated(1).xlsx
Acsm3,HFD_higher,persistent_HFD_up,15,0.753939010288751,0.908485685190714,common_upregulated(1).xlsx
Dmbt1,HFD_higher,persistent_HFD_up,16,0.873831472388576,0.888669733077001,common_upregulated(1).xlsx
Gsdmc2,HFD_higher,persistent_HFD_up,17,0.656487044073842,0.877882181671181,common_upregulated(1).xlsx
Pycard,HFD_higher,persistent_HFD_up,18,0.42702329622078,0.858474283162114,common_upregulated(1).xlsx
Atoh1,HFD_higher,persistent_HFD_up,19,0.521542569531082,0.842599466351908,common_upregulated(1).xlsx
Npm1,HFD_higher,persistent_HFD_up,20,0.441962051453346,0.830433824105704,common_upregulated(1).xlsx
Eef1b2,HFD_higher,persistent_HFD_up,21,0.401337072671121,0.795269618734902,common_upregulated(1).xlsx
Gpx2,HFD_higher,persistent_HFD_up,22,0.307315892081444,0.790879854790631,common_upregulated(1).xlsx
Rack1,HFD_higher,persistent_HFD_up,23,0.337957488555224,0.766498884050741,common_upregulated(1).xlsx
Rps4x,HFD_higher,persistent_HFD_up,24,0.324147394145438,0.757812085307055,common_upregulated(1).xlsx
Gas6,HFD_higher,persistent_HFD_up,25,0.683506188832329,0.713506777578893,common_upregulated(1).xlsx
Ncl,HFD_higher,persistent_HFD_up,26,0.39978865425687,0.699804448536325,common_upregulated(1).xlsx
Hao2,HFD_higher,persistent_HFD_up,27,0.718530846115904,0.695528843305847,common_upregulated(1).xlsx
Naca,HFD_higher,persistent_HFD_up,28,0.282929950885066,0.694759842391673,common_upregulated(1).xlsx
Hspe1,HFD_higher,persistent_HFD_up,29,0.310358930061512,0.693676977154977,common_upregulated(1).xlsx
Car2,HFD_higher,persistent_HFD_up,30,0.547673027943497,0.69054632330352,common_upregulated(1).xlsx
Hsp90ab1,HFD_higher,persistent_HFD_up,31,0.433856650253643,0.689598977671047,common_upregulated(1).xlsx
Hmgn1,HFD_higher,persistent_HFD_up,32,0.477218994225054,0.688265360518258,common_upregulated(1).xlsx
Rps3a1,HFD_higher,persistent_HFD_up,33,0.28318720465411,0.679090342997924,common_upregulated(1).xlsx
Cdca7,HFD_higher,persistent_HFD_up,34,0.406130450575616,0.674223341565104,common_upregulated(1).xlsx
Ociad2,HFD_higher,persistent_HFD_up,35,0.477676600307879,0.671744731213405,common_upregulated(1).xlsx
Nlrp6,HFD_higher,persistent_HFD_up,36,0.525657966958063,0.664158082087274,common_upregulated(1).xlsx
Hspd1,HFD_higher,persistent_HFD_up,37,0.37213068137206,0.660119787719278,common_upregulated(1).xlsx
Eef1a1,HFD_higher,persistent_HFD_up,38,0.268505013023681,0.657395460883651,common_upregulated(1).xlsx
Wfdc2,HFD_higher,persistent_HFD_up,39,0.877556959752998,0.656956104126198,common_upregulated(1).xlsx
Zfp36l2,HFD_higher,persistent_HFD_up,40,0.462053203025468,0.653586251206672,common_upregulated(1).xlsx
Epb41l4aos,HFD_higher,persistent_HFD_up,41,0.418901532977546,0.64656838030145,common_upregulated(1).xlsx
C1qbp,HFD_higher,persistent_HFD_up,42,0.367229026431428,0.641360785479362,common_upregulated(1).xlsx
Mecr,HFD_higher,persistent_HFD_up,43,0.478709031062036,0.641205280801441,common_upregulated(1).xlsx
Hnrnpa1,HFD_higher,persistent_HFD_up,44,0.321948288645681,0.640333206529344,common_upregulated(1).xlsx
Hadh,HFD_higher,persistent_HFD_up,45,0.461490474582263,0.637834154898323,common_upregulated(1).xlsx
Idh1,HFD_higher,persistent_HFD_up,46,0.410218239704876,0.633255281121532,common_upregulated(1).xlsx
Kitl,HFD_higher,persistent_HFD_up,47,0.43199361685685,0.626970807435332,common_upregulated(1).xlsx
Rgcc,HFD_higher,persistent_HFD_up,48,0.526251495141455,0.622247518306216,common_upregulated(1).xlsx
Snhg1,HFD_higher,persistent_HFD_up,49,0.282456349343437,0.618530944118128,common_upregulated(1).xlsx
Gsto1,HFD_higher,persistent_HFD_up,50,0.550405875962659,0.618443503672372,common_upregulated(1).xlsx
Slc5a8,HFD_higher,persistent_HFD_up,51,0.594660784344768,0.602884773799689,common_upregulated(1).xlsx
Ccnd1,HFD_higher,persistent_HFD_up,52,0.388717749942584,0.597977421905809,common_upregulated(1).xlsx
Arid5b,HFD_higher,persistent_HFD_up,53,0.280954153339015,0.593181638406368,common_upregulated(1).xlsx
Gsta4,HFD_higher,persistent_HFD_up,54,0.456027183928184,0.592875468131686,common_upregulated(1).xlsx
Akr1c19,HFD_higher,persistent_HFD_up,55,0.412226782319163,0.585326497948869,common_upregulated(1).xlsx
Trim2,HFD_higher,persistent_HFD_up,56,0.51913803450407,0.584570012813282,common_upregulated(1).xlsx
Ppp1r1b,HFD_higher,persistent_HFD_up,57,0.398249377312314,0.581737982742532,common_upregulated(1).xlsx
Mecom,HFD_higher,persistent_HFD_up,58,0.313472122463992,0.567194003046241,common_upregulated(1).xlsx
Fut9,HFD_higher,persistent_HFD_up,59,0.659873532176902,0.566995377816248,common_upregulated(1).xlsx
Cyba,HFD_higher,persistent_HFD_up,60,0.392633202339761,0.563788330593809,common_upregulated(1).xlsx
Atpif1,HFD_higher,persistent_HFD_up,61,0.252991863864854,0.558314291071927,common_upregulated(1).xlsx
Cttnbp2,HFD_higher,persistent_HFD_up,62,0.454148753260995,0.555780290456524,common_upregulated(1).xlsx
Tkt,HFD_higher,persistent_HFD_up,63,0.346384196920022,0.553323263002977,common_upregulated(1).xlsx
Sema5a,HFD_higher,persistent_HFD_up,64,0.331544808966288,0.549681214377964,common_upregulated(1).xlsx
Sdc4,HFD_higher,persistent_HFD_up,65,0.499378989636366,0.54318925900024,common_upregulated(1).xlsx
Cd320,HFD_higher,persistent_HFD_up,66,0.285156448579615,0.539282764364414,common_upregulated(1).xlsx
Impdh2,HFD_higher,persistent_HFD_up,67,0.3119896010432,0.538083969008044,common_upregulated(1).xlsx
Akr7a5,HFD_higher,persistent_HFD_up,68,0.315793148576597,0.533671725747133,common_upregulated(1).xlsx
Nectin3,HFD_higher,persistent_HFD_up,69,0.353705974064695,0.532776484967127,common_upregulated(1).xlsx
Acads,HFD_higher,persistent_HFD_up,70,0.367862574292857,0.528835329201496,common_upregulated(1).xlsx
Phb2,HFD_higher,persistent_HFD_up,71,0.296100423778671,0.526092188924606,common_upregulated(1).xlsx
Paics,HFD_higher,persistent_HFD_up,72,0.464073208313479,0.524135799869988,common_upregulated(1).xlsx
Hsd17b10,HFD_higher,persistent_HFD_up,73,0.252630611304084,0.521951653799875,common_upregulated(1).xlsx
Cisd3,HFD_higher,persistent_HFD_up,74,0.350028950164214,0.503652267533812,common_upregulated(1).xlsx
Myb,HFD_higher,persistent_HFD_up,75,0.341538068133421,0.503630786192503,common_upregulated(1).xlsx
Mif,HFD_higher,persistent_HFD_up,76,0.270871520250942,0.501055109280061,common_upregulated(1).xlsx
Adh1,HFD_higher,persistent_HFD_up,77,0.30701673459198,0.496717724274912,common_upregulated(1).xlsx
Cela1,HFD_higher,persistent_HFD_up,78,0.643747806301924,0.495591235976368,common_upregulated(1).xlsx
Aldob,HFD_higher,persistent_HFD_up,79,0.474937845901675,0.492422841287084,common_upregulated(1).xlsx
Krt19,HFD_higher,persistent_HFD_up,80,0.693901194437418,0.488547748443064,common_upregulated(1).xlsx
Itga6,HFD_higher,persistent_HFD_up,81,0.280755620558635,0.487171790809126,common_upregulated(1).xlsx
Fgfbp1,HFD_higher,persistent_HFD_up,82,0.669056095988728,0.483353944816635,common_upregulated(1).xlsx
Rangrf,HFD_higher,persistent_HFD_up,83,0.33460311697367,0.464355267869084,common_upregulated(1).xlsx
Gsdmc3,HFD_higher,persistent_HFD_up,84,0.352719528149211,0.462987455901846,common_upregulated(1).xlsx
Kcnq1,HFD_higher,persistent_HFD_up,85,0.269745565652572,0.458821377512685,common_upregulated(1).xlsx
Emp2,HFD_higher,persistent_HFD_up,86,0.25455446801343,0.45708359497339,common_upregulated(1).xlsx
mt-Nd2,HFD_higher,persistent_HFD_up,87,0.30062669723151,0.440045112237615,common_upregulated(1).xlsx
Pik3r1,HFD_higher,persistent_HFD_up,88,0.255683017768473,0.43806054915661,common_upregulated(1).xlsx
Shmt1,HFD_higher,persistent_HFD_up,89,0.308627022832976,0.435058888248241,common_upregulated(1).xlsx
Csad,HFD_higher,persistent_HFD_up,90,0.361928459525275,0.432089131762868,common_upregulated(1).xlsx
mt-Cytb,HFD_higher,persistent_HFD_up,91,0.345958359150028,0.430614968754929,common_upregulated(1).xlsx
Camk1d,HFD_higher,persistent_HFD_up,92,0.274626841055732,0.429293250157816,common_upregulated(1).xlsx
Pgap2,HFD_higher,persistent_HFD_up,93,0.392729754665775,0.422789178995463,common_upregulated(1).xlsx
Pafah1b3,HFD_higher,persistent_HFD_up,94,0.29804319332853,0.41934201491926,common_upregulated(1).xlsx
Mgam,HFD_higher,persistent_HFD_up,95,0.361657606219881,0.418141607055465,common_upregulated(1).xlsx
Id1,HFD_higher,persistent_HFD_up,96,0.730207370682968,0.416579353159402,common_upregulated(1).xlsx
Fads2,HFD_higher,persistent_HFD_up,97,0.378971280837006,0.404174342791684,common_upregulated(1).xlsx
Apex1,HFD_higher,persistent_HFD_up,98,0.311684978013399,0.403271086374405,common_upregulated(1).xlsx
Uqcrc1,HFD_higher,persistent_HFD_up,99,0.289348419469444,0.400930137365529,common_upregulated(1).xlsx
Gss,HFD_higher,persistent_HFD_up,100,0.410287260123084,0.396743008982453,common_upregulated(1).xlsx
Scd2,HFD_higher,persistent_HFD_up,101,0.500690121439218,0.39223047297075,common_upregulated(1).xlsx
Cd81,HFD_higher,persistent_HFD_up,102,0.25329947085062,0.390764469895952,common_upregulated(1).xlsx
Gipc2,HFD_higher,persistent_HFD_up,103,0.432691705824443,0.389985425816096,common_upregulated(1).xlsx
Lgr5,HFD_higher,persistent_HFD_up,104,0.262025986149251,0.388399592732113,common_upregulated(1).xlsx
Trf,HFD_higher,persistent_HFD_up,105,0.79713134466811,0.387378627103389,common_upregulated(1).xlsx
Smoc2,HFD_higher,persistent_HFD_up,106,0.282443468230239,0.384807086605159,common_upregulated(1).xlsx
mt-Nd1,HFD_higher,persistent_HFD_up,107,0.26575877786749,0.364304627611097,common_upregulated(1).xlsx
Adk,HFD_higher,persistent_HFD_up,108,0.251803846337712,0.362865933953831,common_upregulated(1).xlsx
Cebpd,HFD_higher,persistent_HFD_up,109,0.477872951498551,0.362300184061671,common_upregulated(1).xlsx
Wls,HFD_higher,persistent_HFD_up,110,0.278076735642092,0.355698128099092,common_upregulated(1).xlsx
Slc4a4,HFD_higher,persistent_HFD_up,111,0.28621962469106,0.353441934939983,common_upregulated(1).xlsx
Nxpe4,HFD_higher,persistent_HFD_up,112,0.425738989157287,0.351716757857822,common_upregulated(1).xlsx
Aprt,HFD_higher,persistent_HFD_up,113,0.334562553990016,0.350602273297182,common_upregulated(1).xlsx
Tfrc,HFD_higher,persistent_HFD_up,114,0.39400931561481,0.348347887593966,common_upregulated(1).xlsx
Smad4,HFD_higher,persistent_HFD_up,115,0.256298471182654,0.341885248845429,common_upregulated(1).xlsx
Aadac,HFD_higher,persistent_HFD_up,116,0.315282409390023,0.334707730607385,common_upregulated(1).xlsx
Ascl2,HFD_higher,persistent_HFD_up,117,0.25650194712643,0.332953862680581,common_upregulated(1).xlsx
Acss2,HFD_higher,persistent_HFD_up,118,0.252479295715524,0.329743585907934,common_upregulated(1).xlsx
Isyna1,HFD_higher,persistent_HFD_up,119,0.262262843782957,0.325987519177758,common_upregulated(1).xlsx
Hint1,HFD_higher,persistent_HFD_up,120,0.289785872592046,0.322800895252913,common_upregulated(1).xlsx
Nox1,HFD_higher,persistent_HFD_up,121,0.390930872535203,0.322543627158408,common_upregulated(1).xlsx
Gclm,HFD_higher,persistent_HFD_up,122,0.272774143936374,0.322391241901385,common_upregulated(1).xlsx
Sox9,HFD_higher,persistent_HFD_up,123,0.282173376701301,0.32029369438879,common_upregulated(1).xlsx
Pde3a,HFD_higher,persistent_HFD_up,124,0.332566481925542,0.319161373899171,common_upregulated(1).xlsx
Plcb3,HFD_higher,persistent_HFD_up,125,0.276227142840414,0.29780672319738,common_upregulated(1).xlsx
mt-Nd4,HFD_higher,persistent_HFD_up,126,0.276711821034514,0.294906016372328,common_upregulated(1).xlsx
Clock,HFD_higher,persistent_HFD_up,127,0.337560128781161,0.293414273664421,common_upregulated(1).xlsx
Slc5a1,HFD_higher,persistent_HFD_up,128,0.255390114615503,0.28493160962715,common_upregulated(1).xlsx
Sod1,HFD_higher,persistent_HFD_up,129,0.308622171932451,0.279573003364689,common_upregulated(1).xlsx
Lad1,HFD_higher,persistent_HFD_up,130,0.36235202487661,0.259576376964284,common_upregulated(1).xlsx
Bex4,HFD_higher,persistent_HFD_up,131,0.293855673526001,0.256589391907626,common_upregulated(1).xlsx
Ugp2,CON_higher,persistent_HFD_down,1,-0.298135946509382,-0.251103933930758,Common_Downregulated.xlsx
Ufm1,CON_higher,persistent_HFD_down,2,-0.279295137998558,-0.251518948147003,Common_Downregulated.xlsx
Cks1b,CON_higher,persistent_HFD_down,3,-0.318410024134354,-0.252367689323876,Common_Downregulated.xlsx
Incenp,CON_higher,persistent_HFD_down,4,-0.302647787032331,-0.253041605000745,Common_Downregulated.xlsx
Scamp1,CON_higher,persistent_HFD_down,5,-0.289772708686822,-0.253047301644129,Common_Downregulated.xlsx
Tmed10,CON_higher,persistent_HFD_down,6,-0.350778952621865,-0.255016276861641,Common_Downregulated.xlsx
Arf5,CON_higher,persistent_HFD_down,7,-0.285638817949199,-0.255732479598501,Common_Downregulated.xlsx
Lrrc59,CON_higher,persistent_HFD_down,8,-0.283072295681236,-0.258504904325578,Common_Downregulated.xlsx
Kdelr3,CON_higher,persistent_HFD_down,9,-0.310202445038808,-0.259092589956478,Common_Downregulated.xlsx
Calm2,CON_higher,persistent_HFD_down,10,-0.278626619377067,-0.260076104696373,Common_Downregulated.xlsx
Grk2,CON_higher,persistent_HFD_down,11,-0.307619999739268,-0.267934342545477,Common_Downregulated.xlsx
Cd164,CON_higher,persistent_HFD_down,12,-0.311294321567242,-0.268312218402812,Common_Downregulated.xlsx
Ergic1,CON_higher,persistent_HFD_down,13,-0.281869053285484,-0.268343964405406,Common_Downregulated.xlsx
Pmm2,CON_higher,persistent_HFD_down,14,-0.341690045654412,-0.275812681771994,Common_Downregulated.xlsx
Bub3,CON_higher,persistent_HFD_down,15,-0.313607045937951,-0.276148053614513,Common_Downregulated.xlsx
Spcs2,CON_higher,persistent_HFD_down,16,-0.420280332453364,-0.276672136436056,Common_Downregulated.xlsx
Ssr3,CON_higher,persistent_HFD_down,17,-0.306566262909526,-0.278076095141641,Common_Downregulated.xlsx
Rad21,CON_higher,persistent_HFD_down,18,-0.260880818112232,-0.278878478611138,Common_Downregulated.xlsx
Kcnk1,CON_higher,persistent_HFD_down,19,-0.294091715659811,-0.279388832365115,Common_Downregulated.xlsx
Gmppb,CON_higher,persistent_HFD_down,20,-0.362167137605018,-0.283153431329635,Common_Downregulated.xlsx
Hist1h1e,CON_higher,persistent_HFD_down,21,-0.482938304800938,-0.285577984148479,Common_Downregulated.xlsx
Dph3,CON_higher,persistent_HFD_down,22,-0.358045186482224,-0.285591678638755,Common_Downregulated.xlsx
Arl6ip1,CON_higher,persistent_HFD_down,23,-0.384753432170467,-0.28704367294673,Common_Downregulated.xlsx
Itpr1,CON_higher,persistent_HFD_down,24,-0.335963886187339,-0.287103265957051,Common_Downregulated.xlsx
Dnajb11,CON_higher,persistent_HFD_down,25,-0.265803897865833,-0.288383777310744,Common_Downregulated.xlsx
Copb2,CON_higher,persistent_HFD_down,26,-0.34990245184154,-0.288573551566397,Common_Downregulated.xlsx
Wars,CON_higher,persistent_HFD_down,27,-0.342580667907328,-0.292422613295172,Common_Downregulated.xlsx
Rab2a,CON_higher,persistent_HFD_down,28,-0.260824897575851,-0.292547192939567,Common_Downregulated.xlsx
Gabarapl2,CON_higher,persistent_HFD_down,29,-0.2566100979743,-0.292696190439559,Common_Downregulated.xlsx
Sec62,CON_higher,persistent_HFD_down,30,-0.333329923137326,-0.292748593111473,Common_Downregulated.xlsx
Uap1,CON_higher,persistent_HFD_down,31,-0.268320315764497,-0.293770700888329,Common_Downregulated.xlsx
Rab15,CON_higher,persistent_HFD_down,32,-0.297981597276762,-0.296758408046495,Common_Downregulated.xlsx
Mtf2,CON_higher,persistent_HFD_down,33,-0.263707638009984,-0.297533973407256,Common_Downregulated.xlsx
Psmb8,CON_higher,persistent_HFD_down,34,-0.297634078433107,-0.299126436567872,Common_Downregulated.xlsx
Dap,CON_higher,persistent_HFD_down,35,-0.371572149237317,-0.300259988723997,Common_Downregulated.xlsx
Fut4,CON_higher,persistent_HFD_down,36,-0.252097791686553,-0.300299788364568,Common_Downregulated.xlsx
Impad1,CON_higher,persistent_HFD_down,37,-0.298906574111067,-0.302128960525265,Common_Downregulated.xlsx
Serf2,CON_higher,persistent_HFD_down,38,-0.324360367621099,-0.302658148990969,Common_Downregulated.xlsx
Ebpl,CON_higher,persistent_HFD_down,39,-0.465536604202207,-0.302686467773197,Common_Downregulated.xlsx
Surf4,CON_higher,persistent_HFD_down,40,-0.313044246477483,-0.303699680559676,Common_Downregulated.xlsx
Chst4,CON_higher,persistent_HFD_down,41,-0.253019176481467,-0.304591123261848,Common_Downregulated.xlsx
Ddost,CON_higher,persistent_HFD_down,42,-0.363978177194868,-0.306336242545076,Common_Downregulated.xlsx
Tpm4,CON_higher,persistent_HFD_down,43,-0.333757643193546,-0.307397837215824,Common_Downregulated.xlsx
Tmed9,CON_higher,persistent_HFD_down,44,-0.395921611009984,-0.307433961772455,Common_Downregulated.xlsx
Plscr1,CON_higher,persistent_HFD_down,45,-0.254613237847295,-0.309915711186095,Common_Downregulated.xlsx
Mydgf,CON_higher,persistent_HFD_down,46,-0.369399769741833,-0.310923086599098,Common_Downregulated.xlsx
Cpd,CON_higher,persistent_HFD_down,47,-0.250548378695459,-0.314958468899843,Common_Downregulated.xlsx
Tmem97,CON_higher,persistent_HFD_down,48,-0.397544016668251,-0.321338351269741,Common_Downregulated.xlsx
Tmed2,CON_higher,persistent_HFD_down,49,-0.329873211950777,-0.321764126011246,Common_Downregulated.xlsx
Bhlhe40,CON_higher,persistent_HFD_down,50,-0.291219480228576,-0.323630082940196,Common_Downregulated.xlsx
Krt7,CON_higher,persistent_HFD_down,51,-0.481303967699696,-0.323679436166545,Common_Downregulated.xlsx
Nfkbia,CON_higher,persistent_HFD_down,52,-0.405228383423938,-0.323756625909793,Common_Downregulated.xlsx
Lman1,CON_higher,persistent_HFD_down,53,-0.41564918350078,-0.324022215200246,Common_Downregulated.xlsx
Rasd2,CON_higher,persistent_HFD_down,54,-0.263717089784957,-0.324577678169493,Common_Downregulated.xlsx
Sec61g,CON_higher,persistent_HFD_down,55,-0.474348098708686,-0.325322868204979,Common_Downregulated.xlsx
Mapk3,CON_higher,persistent_HFD_down,56,-0.290482725720657,-0.326290282655981,Common_Downregulated.xlsx
Serinc3,CON_higher,persistent_HFD_down,57,-0.584002392870886,-0.326378645065657,Common_Downregulated.xlsx
Fryl,CON_higher,persistent_HFD_down,58,-0.262438043693762,-0.326428281764998,Common_Downregulated.xlsx
Stim2,CON_higher,persistent_HFD_down,59,-0.301479890248438,-0.32913286247822,Common_Downregulated.xlsx
Tram1,CON_higher,persistent_HFD_down,60,-0.30476532102152,-0.33362755287452,Common_Downregulated.xlsx
Cmtm8,CON_higher,persistent_HFD_down,61,-0.345194793596947,-0.336963887809297,Common_Downregulated.xlsx
Ssr1,CON_higher,persistent_HFD_down,62,-0.350234490060042,-0.339312399039361,Common_Downregulated.xlsx
H2afx,CON_higher,persistent_HFD_down,63,-0.429648370558512,-0.339341399749649,Common_Downregulated.xlsx
Lgals9,CON_higher,persistent_HFD_down,64,-0.284699373908152,-0.341274094767557,Common_Downregulated.xlsx
Stard10,CON_higher,persistent_HFD_down,65,-0.418927691450661,-0.34144905165695,Common_Downregulated.xlsx
Cks2,CON_higher,persistent_HFD_down,66,-0.459640475105027,-0.342061078426962,Common_Downregulated.xlsx
Sh3glb1,CON_higher,persistent_HFD_down,67,-0.309270277821117,-0.342385766056996,Common_Downregulated.xlsx
Spc24,CON_higher,persistent_HFD_down,68,-0.31896170468988,-0.342463918951017,Common_Downregulated.xlsx
Galnt5,CON_higher,persistent_HFD_down,69,-0.272779499370861,-0.342942173421391,Common_Downregulated.xlsx
Syngr2,CON_higher,persistent_HFD_down,70,-0.4124498943098,-0.343474026319959,Common_Downregulated.xlsx
Dennd1b,CON_higher,persistent_HFD_down,71,-0.283949774718617,-0.34351786394626,Common_Downregulated.xlsx
Cdca3,CON_higher,persistent_HFD_down,72,-0.359034790556433,-0.346937747454313,Common_Downregulated.xlsx
Krtcap2,CON_higher,persistent_HFD_down,73,-0.495779077486851,-0.347410928887377,Common_Downregulated.xlsx
Kctd14,CON_higher,persistent_HFD_down,74,-0.29798943551674,-0.349585892930861,Common_Downregulated.xlsx
Guk1,CON_higher,persistent_HFD_down,75,-0.367482652407792,-0.352004539361525,Common_Downregulated.xlsx
Cdk1,CON_higher,persistent_HFD_down,76,-0.412875418602107,-0.352170871006145,Common_Downregulated.xlsx
Golm1,CON_higher,persistent_HFD_down,77,-0.320145950777176,-0.352603296655123,Common_Downregulated.xlsx
Creld2,CON_higher,persistent_HFD_down,78,-0.278467510790798,-0.354904284454365,Common_Downregulated.xlsx
Fut2,CON_higher,persistent_HFD_down,79,-0.390947272412627,-0.35564007222443,Common_Downregulated.xlsx
Sec61b,CON_higher,persistent_HFD_down,80,-0.492367025711824,-0.35591753967825,Common_Downregulated.xlsx
Gcnt1,CON_higher,persistent_HFD_down,81,-0.270396555297471,-0.359715176897795,Common_Downregulated.xlsx
Rpn1,CON_higher,persistent_HFD_down,82,-0.387507599383413,-0.360662305095957,Common_Downregulated.xlsx
Rab3d,CON_higher,persistent_HFD_down,83,-0.313152102468116,-0.361706278819565,Common_Downregulated.xlsx
Foxa3,CON_higher,persistent_HFD_down,84,-0.396142308563779,-0.364568557971847,Common_Downregulated.xlsx
Hist1h4d,CON_higher,persistent_HFD_down,85,-0.394048947192392,-0.368566683282565,Common_Downregulated.xlsx
Rnasek,CON_higher,persistent_HFD_down,86,-0.319560723832724,-0.369784302887582,Common_Downregulated.xlsx
St6gal1,CON_higher,persistent_HFD_down,87,-0.426046513319389,-0.371226377934946,Common_Downregulated.xlsx
H2-Q7,CON_higher,persistent_HFD_down,88,-0.278398231773601,-0.377539579967647,Common_Downregulated.xlsx
Npdc1,CON_higher,persistent_HFD_down,89,-0.371571200165808,-0.378271195136877,Common_Downregulated.xlsx
Ffar2,CON_higher,persistent_HFD_down,90,-0.626733371506141,-0.37841757093257,Common_Downregulated.xlsx
Pla2g2f,CON_higher,persistent_HFD_down,91,-0.498751407724294,-0.379172424647174,Common_Downregulated.xlsx
Fkbp2,CON_higher,persistent_HFD_down,92,-0.378423293925131,-0.382822942388647,Common_Downregulated.xlsx
Creb3l1,CON_higher,persistent_HFD_down,93,-0.530814340069792,-0.389468475436683,Common_Downregulated.xlsx
Smim6,CON_higher,persistent_HFD_down,94,-0.551948405612406,-0.390700443588636,Common_Downregulated.xlsx
Gnai2,CON_higher,persistent_HFD_down,95,-0.269239441932991,-0.391698916210677,Common_Downregulated.xlsx
Plgrkt,CON_higher,persistent_HFD_down,96,-0.362684828104252,-0.392330557451912,Common_Downregulated.xlsx
Bag1,CON_higher,persistent_HFD_down,97,-0.317127076030256,-0.39499168131825,Common_Downregulated.xlsx
Tuba1b,CON_higher,persistent_HFD_down,98,-0.376776366375733,-0.399022860236548,Common_Downregulated.xlsx
Ube2s,CON_higher,persistent_HFD_down,99,-0.494446215812477,-0.399148259024627,Common_Downregulated.xlsx
Galnt3,CON_higher,persistent_HFD_down,100,-0.360822673517622,-0.399407046998748,Common_Downregulated.xlsx
Appl2,CON_higher,persistent_HFD_down,101,-0.291034988732593,-0.402424626881145,Common_Downregulated.xlsx
Cdc42ep3,CON_higher,persistent_HFD_down,102,-0.372577091357535,-0.402960471842073,Common_Downregulated.xlsx
Galnt10,CON_higher,persistent_HFD_down,103,-0.410514908225531,-0.407143629307816,Common_Downregulated.xlsx
Gcc2,CON_higher,persistent_HFD_down,104,-0.355921684636241,-0.407385121171477,Common_Downregulated.xlsx
Arfgef3,CON_higher,persistent_HFD_down,105,-0.354263588311182,-0.410372431267401,Common_Downregulated.xlsx
Nucb1,CON_higher,persistent_HFD_down,106,-0.325111080780202,-0.413746653025015,Common_Downregulated.xlsx
C1galt1c1,CON_higher,persistent_HFD_down,107,-0.387437808220932,-0.413787321389443,Common_Downregulated.xlsx
Msmo1,CON_higher,persistent_HFD_down,108,-0.25500066990596,-0.415225974700583,Common_Downregulated.xlsx
Selenos,CON_higher,persistent_HFD_down,109,-0.44337534646908,-0.415472843135617,Common_Downregulated.xlsx
Prdx5,CON_higher,persistent_HFD_down,110,-0.257058864179373,-0.418594320622066,Common_Downregulated.xlsx
Rbp4,CON_higher,persistent_HFD_down,111,-0.464684959395327,-0.420142606971667,Common_Downregulated.xlsx
Smc2,CON_higher,persistent_HFD_down,112,-0.408905239176977,-0.42344275837205,Common_Downregulated.xlsx
Anxa13,CON_higher,persistent_HFD_down,113,-0.307934607577271,-0.424050403170718,Common_Downregulated.xlsx
Gabarap,CON_higher,persistent_HFD_down,114,-0.360519729889593,-0.424683669270837,Common_Downregulated.xlsx
Tuba1c,CON_higher,persistent_HFD_down,115,-0.390825031451451,-0.427230263586362,Common_Downregulated.xlsx
Tsc22d1,CON_higher,persistent_HFD_down,116,-0.260282650490111,-0.429100264597261,Common_Downregulated.xlsx
Abhd2,CON_higher,persistent_HFD_down,117,-0.267394794130895,-0.430308008932339,Common_Downregulated.xlsx
Gale,CON_higher,persistent_HFD_down,118,-0.438820194045941,-0.431689533515926,Common_Downregulated.xlsx
Slc35b1,CON_higher,persistent_HFD_down,119,-0.303681175392534,-0.432798129836563,Common_Downregulated.xlsx
Cdca8,CON_higher,persistent_HFD_down,120,-0.493730920087988,-0.433960739125146,Common_Downregulated.xlsx
Retreg1,CON_higher,persistent_HFD_down,121,-0.305018767638371,-0.434399694965705,Common_Downregulated.xlsx
Dpysl2,CON_higher,persistent_HFD_down,122,-0.390058511534066,-0.434708194059841,Common_Downregulated.xlsx
Sel1l3,CON_higher,persistent_HFD_down,123,-0.274004614948601,-0.435509730145803,Common_Downregulated.xlsx
Tubb5,CON_higher,persistent_HFD_down,124,-0.332154741094491,-0.439428350818349,Common_Downregulated.xlsx
Krt18,CON_higher,persistent_HFD_down,125,-0.379969478906706,-0.444670810562485,Common_Downregulated.xlsx
Ctnnbip1,CON_higher,persistent_HFD_down,126,-0.432012517750987,-0.446939885834172,Common_Downregulated.xlsx
Asph,CON_higher,persistent_HFD_down,127,-0.359611161038189,-0.449772868841254,Common_Downregulated.xlsx
Trp53inp1,CON_higher,persistent_HFD_down,128,-0.325930428785587,-0.451661127017143,Common_Downregulated.xlsx
Pdxdc1,CON_higher,persistent_HFD_down,129,-0.485691544091498,-0.453714857543305,Common_Downregulated.xlsx
Cox7a1,CON_higher,persistent_HFD_down,130,-0.292371025201776,-0.46100177087265,Common_Downregulated.xlsx
Tmem59,CON_higher,persistent_HFD_down,131,-0.32890943350419,-0.472214148438531,Common_Downregulated.xlsx
Slc4a7,CON_higher,persistent_HFD_down,132,-0.277617625348465,-0.472420166149145,Common_Downregulated.xlsx
Sh3bgrl3,CON_higher,persistent_HFD_down,133,-0.657036837581942,-0.473250232194804,Common_Downregulated.xlsx
Selenok,CON_higher,persistent_HFD_down,134,-0.411145687571735,-0.473951232581569,Common_Downregulated.xlsx
Pde2a,CON_higher,persistent_HFD_down,135,-0.38133602418563,-0.477497125437121,Common_Downregulated.xlsx
Bace2,CON_higher,persistent_HFD_down,136,-0.324604930121287,-0.478862976765515,Common_Downregulated.xlsx
Xbp1,CON_higher,persistent_HFD_down,137,-0.43014916124988,-0.481652089400784,Common_Downregulated.xlsx
Hdlbp,CON_higher,persistent_HFD_down,138,-0.414146349490193,-0.482872793776588,Common_Downregulated.xlsx
Ern2,CON_higher,persistent_HFD_down,139,-0.425194411894928,-0.484516958898826,Common_Downregulated.xlsx
Gal3st2c,CON_higher,persistent_HFD_down,140,-0.368209032563842,-0.485199690625803,Common_Downregulated.xlsx
Mlph,CON_higher,persistent_HFD_down,141,-0.277061476283419,-0.485993441330207,Common_Downregulated.xlsx
Ttc39a,CON_higher,persistent_HFD_down,142,-0.42523892378017,-0.487776921675867,Common_Downregulated.xlsx
Smc4,CON_higher,persistent_HFD_down,143,-0.482558148662251,-0.489113184043819,Common_Downregulated.xlsx
Btg1,CON_higher,persistent_HFD_down,144,-0.296076557673791,-0.492207842400438,Common_Downregulated.xlsx
Rap1gap,CON_higher,persistent_HFD_down,145,-0.483722078525562,-0.497201738131003,Common_Downregulated.xlsx
Golgb1,CON_higher,persistent_HFD_down,146,-0.316056525346023,-0.506502848671319,Common_Downregulated.xlsx
Serp1,CON_higher,persistent_HFD_down,147,-0.538197473296897,-0.511237205547052,Common_Downregulated.xlsx
H2afz,CON_higher,persistent_HFD_down,148,-0.426076921367614,-0.513272681747641,Common_Downregulated.xlsx
Ostc,CON_higher,persistent_HFD_down,149,-0.62441640244675,-0.513635951988621,Common_Downregulated.xlsx
Pdia6,CON_higher,persistent_HFD_down,150,-0.52255672464637,-0.526922142378789,Common_Downregulated.xlsx
Cmpk1,CON_higher,persistent_HFD_down,151,-0.533256468706097,-0.527705034055771,Common_Downregulated.xlsx
St3gal6,CON_higher,persistent_HFD_down,152,-0.385117526479252,-0.528672780126158,Common_Downregulated.xlsx
Capns1,CON_higher,persistent_HFD_down,153,-0.514297136118807,-0.530160376061768,Common_Downregulated.xlsx
Tmco3,CON_higher,persistent_HFD_down,154,-0.299256564360142,-0.532446826534223,Common_Downregulated.xlsx
Creb3l4,CON_higher,persistent_HFD_down,155,-0.599667071992598,-0.536679393210392,Common_Downregulated.xlsx
Hist1h1c,CON_higher,persistent_HFD_down,156,-0.349435540146532,-0.539272029647149,Common_Downregulated.xlsx
Tsta3,CON_higher,persistent_HFD_down,157,-0.619675018502915,-0.540551141615048,Common_Downregulated.xlsx
P4hb,CON_higher,persistent_HFD_down,158,-0.48230761293348,-0.543417679447968,Common_Downregulated.xlsx
Arl1,CON_higher,persistent_HFD_down,159,-0.295510174385714,-0.544110402533568,Common_Downregulated.xlsx
Dnajc3,CON_higher,persistent_HFD_down,160,-0.444405351871404,-0.545642218460058,Common_Downregulated.xlsx
H2-T23,CON_higher,persistent_HFD_down,161,-0.273325696869633,-0.547790991970146,Common_Downregulated.xlsx
Btg2,CON_higher,persistent_HFD_down,162,-0.357528648693109,-0.553316610745981,Common_Downregulated.xlsx
Il13ra1,CON_higher,persistent_HFD_down,163,-0.486621159112995,-0.553837350674242,Common_Downregulated.xlsx
Tmbim4,CON_higher,persistent_HFD_down,164,-0.427979076733964,-0.558036764805305,Common_Downregulated.xlsx
Jund,CON_higher,persistent_HFD_down,165,-0.297768204937494,-0.558912858790817,Common_Downregulated.xlsx
Hsp90b1,CON_higher,persistent_HFD_down,166,-0.445882746703142,-0.559494185149454,Common_Downregulated.xlsx
Sdf2l1,CON_higher,persistent_HFD_down,167,-0.428379011170182,-0.56112043835779,Common_Downregulated.xlsx
P2rx4,CON_higher,persistent_HFD_down,168,-0.370060822078936,-0.56460816453002,Common_Downregulated.xlsx
St6galnac6,CON_higher,persistent_HFD_down,169,-0.37657077673252,-0.565077727646296,Common_Downregulated.xlsx
Cenpf,CON_higher,persistent_HFD_down,170,-0.577177995491678,-0.569159663920807,Common_Downregulated.xlsx
Spint2,CON_higher,persistent_HFD_down,171,-0.337521993135336,-0.56966132236254,Common_Downregulated.xlsx
Atp6ap2,CON_higher,persistent_HFD_down,172,-0.612921530412682,-0.570527683940977,Common_Downregulated.xlsx
Slc50a1,CON_higher,persistent_HFD_down,173,-0.627447286443214,-0.572517157960162,Common_Downregulated.xlsx
Tmed3,CON_higher,persistent_HFD_down,174,-0.5510514185258,-0.572688967448397,Common_Downregulated.xlsx
Pla2g10,CON_higher,persistent_HFD_down,175,-0.321174291767299,-0.577533373623725,Common_Downregulated.xlsx
Calr,CON_higher,persistent_HFD_down,176,-0.492985209659723,-0.580937223903393,Common_Downregulated.xlsx
Syt7,CON_higher,persistent_HFD_down,177,-0.442383691911396,-0.58112841036944,Common_Downregulated.xlsx
Pdia3,CON_higher,persistent_HFD_down,178,-0.573473628249808,-0.582596097760913,Common_Downregulated.xlsx
Kit,CON_higher,persistent_HFD_down,179,-0.474581690306879,-0.582955543357901,Common_Downregulated.xlsx
Gcnt3,CON_higher,persistent_HFD_down,180,-0.430633772968342,-0.588109048789911,Common_Downregulated.xlsx
Pdia5,CON_higher,persistent_HFD_down,181,-0.626373389264897,-0.590826672009837,Common_Downregulated.xlsx
Cd74,CON_higher,persistent_HFD_down,182,-0.97513420903317,-0.591134281157002,Common_Downregulated.xlsx
Hmgcs1,CON_higher,persistent_HFD_down,183,-0.387950236171019,-0.594246055858716,Common_Downregulated.xlsx
Ubc,CON_higher,persistent_HFD_down,184,-0.332645371912343,-0.597690927112862,Common_Downregulated.xlsx
Dnajc10,CON_higher,persistent_HFD_down,185,-0.671315929910082,-0.599761374231609,Common_Downregulated.xlsx
Bcas1,CON_higher,persistent_HFD_down,186,-0.508858979505322,-0.606454201885708,Common_Downregulated.xlsx
Tpd52,CON_higher,persistent_HFD_down,187,-0.600205180364973,-0.612898524750014,Common_Downregulated.xlsx
Mien1,CON_higher,persistent_HFD_down,188,-0.579426713569879,-0.62342625838615,Common_Downregulated.xlsx
Fkbp11,CON_higher,persistent_HFD_down,189,-0.68762102273598,-0.625762210780249,Common_Downregulated.xlsx
Kdelr2,CON_higher,persistent_HFD_down,190,-0.650837786498085,-0.629012242821235,Common_Downregulated.xlsx
Galnt12,CON_higher,persistent_HFD_down,191,-0.755619517066494,-0.63122407037209,Common_Downregulated.xlsx
Ndrg1,CON_higher,persistent_HFD_down,192,-0.591074059667108,-0.641005144588642,Common_Downregulated.xlsx
Tm9sf2,CON_higher,persistent_HFD_down,193,-0.632661788267985,-0.652614041879812,Common_Downregulated.xlsx
Tnfaip2,CON_higher,persistent_HFD_down,194,-0.654063416105036,-0.662311937455046,Common_Downregulated.xlsx
Guca2b,CON_higher,persistent_HFD_down,195,-0.820156513688646,-0.671088352512275,Common_Downregulated.xlsx
Herpud1,CON_higher,persistent_HFD_down,196,-0.563467563754646,-0.680478323579174,Common_Downregulated.xlsx
Cgref1,CON_higher,persistent_HFD_down,197,-0.6140378934545,-0.684766240288169,Common_Downregulated.xlsx
Litaf,CON_higher,persistent_HFD_down,198,-0.375508273489479,-0.691228833029426,Common_Downregulated.xlsx
Best2,CON_higher,persistent_HFD_down,199,-0.658718672689741,-0.692474334735651,Common_Downregulated.xlsx
Lrrc26,CON_higher,persistent_HFD_down,200,-0.703196649247959,-0.696320297257319,Common_Downregulated.xlsx
Tnfaip8,CON_higher,persistent_HFD_down,201,-0.702858878644077,-0.699262206137811,Common_Downregulated.xlsx
Fhl1,CON_higher,persistent_HFD_down,202,-0.385992198127737,-0.706479760981891,Common_Downregulated.xlsx
Mia3,CON_higher,persistent_HFD_down,203,-0.558604146915413,-0.715211729940439,Common_Downregulated.xlsx
Birc5,CON_higher,persistent_HFD_down,204,-0.715369336098348,-0.718568782285707,Common_Downregulated.xlsx
Pclaf,CON_higher,persistent_HFD_down,205,-0.454363648906417,-0.726155347835007,Common_Downregulated.xlsx
Slc12a8,CON_higher,persistent_HFD_down,206,-0.745912355527909,-0.731230893642476,Common_Downregulated.xlsx
Hpd,CON_higher,persistent_HFD_down,207,-0.689448881476064,-0.735848339584807,Common_Downregulated.xlsx
Cd24a,CON_higher,persistent_HFD_down,208,-0.557811032898407,-0.736700516259061,Common_Downregulated.xlsx
Ube2c,CON_higher,persistent_HFD_down,209,-0.890273933153168,-0.738709023021286,Common_Downregulated.xlsx
Gde1,CON_higher,persistent_HFD_down,210,-0.583064850873125,-0.74825477053532,Common_Downregulated.xlsx
Sytl2,CON_higher,persistent_HFD_down,211,-0.510107473122815,-0.750229914849946,Common_Downregulated.xlsx
Atp2a3,CON_higher,persistent_HFD_down,212,-0.514043789186061,-0.756965498668278,Common_Downregulated.xlsx
Cbfa2t3,CON_higher,persistent_HFD_down,213,-0.762243672889493,-0.757411365151188,Common_Downregulated.xlsx
Oit1,CON_higher,persistent_HFD_down,214,-0.77762646224004,-0.761289199852538,Common_Downregulated.xlsx
Galnt7,CON_higher,persistent_HFD_down,215,-0.666687076833813,-0.761697405682841,Common_Downregulated.xlsx
Ccn3,CON_higher,persistent_HFD_down,216,-0.539072141051428,-0.762625027776149,Common_Downregulated.xlsx
C1galt1,CON_higher,persistent_HFD_down,217,-0.575788893647825,-0.764791075496808,Common_Downregulated.xlsx
Plpp1,CON_higher,persistent_HFD_down,218,-0.745267343441095,-0.766578498670258,Common_Downregulated.xlsx
Manf,CON_higher,persistent_HFD_down,219,-0.72462382475728,-0.768305002670892,Common_Downregulated.xlsx
Hspa5,CON_higher,persistent_HFD_down,220,-0.643745664655527,-0.792535357934349,Common_Downregulated.xlsx
Eps8,CON_higher,persistent_HFD_down,221,-0.311026487011056,-0.793251172018463,Common_Downregulated.xlsx
B2m,CON_higher,persistent_HFD_down,222,-0.309478174392311,-0.800547720625499,Common_Downregulated.xlsx
Gsn,CON_higher,persistent_HFD_down,223,-0.352777869028277,-0.803698565464363,Common_Downregulated.xlsx
Txndc5,CON_higher,persistent_HFD_down,224,-0.789001907159218,-0.806447817907062,Common_Downregulated.xlsx
Hk2,CON_higher,persistent_HFD_down,225,-0.319239283775281,-0.8066319338298,Common_Downregulated.xlsx
Dynll1,CON_higher,persistent_HFD_down,226,-0.499351122003951,-0.807139324982531,Common_Downregulated.xlsx
Camk2n1,CON_higher,persistent_HFD_down,227,-0.625469186189833,-0.814346916170294,Common_Downregulated.xlsx
Tpsg1,CON_higher,persistent_HFD_down,228,-0.666514552798152,-0.82280199577254,Common_Downregulated.xlsx
Reep5,CON_higher,persistent_HFD_down,229,-0.761234190612904,-0.828797459188508,Common_Downregulated.xlsx
Tmsb10,CON_higher,persistent_HFD_down,230,-0.851371840348592,-0.829399407951742,Common_Downregulated.xlsx
Lrmp,CON_higher,persistent_HFD_down,231,-0.530433931131303,-0.830551479638951,Common_Downregulated.xlsx
Atp2c2,CON_higher,persistent_HFD_down,232,-0.824779682044176,-0.847205897370162,Common_Downregulated.xlsx
S100a13,CON_higher,persistent_HFD_down,233,-0.48635727070077,-0.851967655861452,Common_Downregulated.xlsx
Hgfac,CON_higher,persistent_HFD_down,234,-0.691589817363023,-0.868360294539699,Common_Downregulated.xlsx
Gfpt1,CON_higher,persistent_HFD_down,235,-0.591123188591032,-0.869979397860169,Common_Downregulated.xlsx
Scin,CON_higher,persistent_HFD_down,236,-0.486434225477123,-0.875389222408109,Common_Downregulated.xlsx
Itm2b,CON_higher,persistent_HFD_down,237,-0.476448723963873,-0.895056572037966,Common_Downregulated.xlsx
Top2a,CON_higher,persistent_HFD_down,238,-0.797883208010524,-0.899962586779346,Common_Downregulated.xlsx
Apoe,CON_higher,persistent_HFD_down,239,-0.728377528264951,-0.903576210390703,Common_Downregulated.xlsx
Actb,CON_higher,persistent_HFD_down,240,-0.66127991482694,-0.904044251682862,Common_Downregulated.xlsx
Fxyd3,CON_higher,persistent_HFD_down,241,-0.981025495869024,-0.915065706386579,Common_Downregulated.xlsx
Smim14,CON_higher,persistent_HFD_down,242,-0.847551461024207,-0.915466465344673,Common_Downregulated.xlsx
Slc44a4,CON_higher,persistent_HFD_down,243,-0.264588559390145,-0.918953121524037,Common_Downregulated.xlsx
Malat1,CON_higher,persistent_HFD_down,244,-0.405566028939497,-0.923585859562889,Common_Downregulated.xlsx
Qsox1,CON_higher,persistent_HFD_down,245,-0.7436363947312,-0.927886139201526,Common_Downregulated.xlsx
Ly6e,CON_higher,persistent_HFD_down,246,-0.896927536080249,-0.933763177892972,Common_Downregulated.xlsx
Rrbp1,CON_higher,persistent_HFD_down,247,-0.735047422269729,-0.948206757341952,Common_Downregulated.xlsx
Clps,CON_higher,persistent_HFD_down,248,-0.676786394678171,-0.988648860490906,Common_Downregulated.xlsx
H2-D1,CON_higher,persistent_HFD_down,249,-0.618178834049691,-0.990759616153056,Common_Downregulated.xlsx
Tgfb,CON_higher,persistent_HFD_down,250,-0.824707882884918,-1.01721998480373,Common_Downregulated.xlsx
Ms4a8a,CON_higher,persistent_HFD_down,251,-0.426309676555295,-1.03104829496316,Common_Downregulated.xlsx
Fos,CON_higher,persistent_HFD_down,252,-0.907585699447227,-1.06456820032412,Common_Downregulated.xlsx
Cdkn1a,CON_higher,persistent_HFD_down,253,-0.463565653058327,-1.0671679102516,Common_Downregulated.xlsx
Muc13,CON_higher,persistent_HFD_down,254,-0.390176305674548,-1.10131726462045,Common_Downregulated.xlsx
Klf4,CON_higher,persistent_HFD_down,255,-0.253093996496298,-1.1029979318466,Common_Downregulated.xlsx
Apoc2,CON_higher,persistent_HFD_down,256,-0.545041656175557,-1.10449539197394,Common_Downregulated.xlsx
H2-K1,CON_higher,persistent_HFD_down,257,-0.522243210460309,-1.12524576516778,Common_Downregulated.xlsx
Tspan13,CON_higher,persistent_HFD_down,258,-1.04207701724196,-1.14853592272626,Common_Downregulated.xlsx
Gm1123,CON_higher,persistent_HFD_down,259,-0.787152355995561,-1.15076512351608,Common_Downregulated.xlsx
Clic5,CON_higher,persistent_HFD_down,260,-0.310282858702328,-1.17003636002297,Common_Downregulated.xlsx
Tspan1,CON_higher,persistent_HFD_down,261,-0.351763700110811,-1.18099953294687,Common_Downregulated.xlsx
Rep15,CON_higher,persistent_HFD_down,262,-1.07441723943941,-1.20694879160531,Common_Downregulated.xlsx
Clec2h,CON_higher,persistent_HFD_down,263,-0.504345158554671,-1.21196942132333,Common_Downregulated.xlsx
Tubb4b,CON_higher,persistent_HFD_down,264,-0.637521738429691,-1.23098838880365,Common_Downregulated.xlsx
Ceacam1,CON_higher,persistent_HFD_down,265,-0.388842550825496,-1.24011308628753,Common_Downregulated.xlsx
Neat1,CON_higher,persistent_HFD_down,266,-0.493355407729259,-1.24993256027838,Common_Downregulated.xlsx
Nupr1,CON_higher,persistent_HFD_down,267,-0.76503005029834,-1.25495860941856,Common_Downregulated.xlsx
Plac8,CON_higher,persistent_HFD_down,268,-0.395252012104351,-1.27397704766079,Common_Downregulated.xlsx
Myo15b,CON_higher,persistent_HFD_down,269,-0.393759243515507,-1.28729211202434,Common_Downregulated.xlsx
Hsd11b2,CON_higher,persistent_HFD_down,270,-1.13929887916355,-1.29608498359419,Common_Downregulated.xlsx
Crip1,CON_higher,persistent_HFD_down,271,-0.623668677613165,-1.3085367689413,Common_Downregulated.xlsx
Hepacam2,CON_higher,persistent_HFD_down,272,-1.08562727014313,-1.31317418785688,Common_Downregulated.xlsx
Rhoc,CON_higher,persistent_HFD_down,273,-0.590819513035595,-1.37396930183206,Common_Downregulated.xlsx
Ly6a,CON_higher,persistent_HFD_down,274,-0.313099491060925,-1.4973442864905,Common_Downregulated.xlsx
Cdhr5,CON_higher,persistent_HFD_down,275,-0.510909558206862,-1.49763912565601,Common_Downregulated.xlsx
Mxd1,CON_higher,persistent_HFD_down,276,-0.485253206017809,-1.49976258010905,Common_Downregulated.xlsx
Upp1,CON_higher,persistent_HFD_down,277,-0.256685702609149,-1.50747444561458,Common_Downregulated.xlsx
Selenom,CON_higher,persistent_HFD_down,278,-1.52602515080493,-1.52170291041705,Common_Downregulated.xlsx
Phgr1,CON_higher,persistent_HFD_down,279,-0.685792059926614,-1.63977619844781,Common_Downregulated.xlsx
Klk1,CON_higher,persistent_HFD_down,280,-1.38645705053327,-1.64982230689048,Common_Downregulated.xlsx
Ramp1,CON_higher,persistent_HFD_down,281,-1.4550969292207,-1.68352909645292,Common_Downregulated.xlsx
Guca2a,CON_higher,persistent_HFD_down,282,-1.16255417354397,-2.06332881135728,Common_Downregulated.xlsx
Agr2,CON_higher,persistent_HFD_down,283,-1.68602514243078,-2.07099131223536,Common_Downregulated.xlsx
Selenop,CON_higher,persistent_HFD_down,284,-1.00621190434226,-2.10405443779849,Common_Downregulated.xlsx
Prdx6,CON_higher,persistent_HFD_down,285,-0.422948162917965,-2.17222328072876,Common_Downregulated.xlsx
Ccl6,CON_higher,persistent_HFD_down,286,-1.76251765970005,-2.37641300933886,Common_Downregulated.xlsx
Tff3,CON_higher,persistent_HFD_down,287,-2.06580079231674,-2.51399849631614,Common_Downregulated.xlsx
Lypd8,CON_higher,persistent_HFD_down,288,-0.6657363567117,-2.56166411827101,Common_Downregulated.xlsx
Sval1,CON_higher,persistent_HFD_down,289,-1.93431014280899,-2.57156683887151,Common_Downregulated.xlsx
Reg4,CON_higher,persistent_HFD_down,290,-1.79886049189801,-2.64693129032278,Common_Downregulated.xlsx
Sprr2a3,CON_higher,persistent_HFD_down,291,-0.665281917313109,-2.71952526378867,Common_Downregulated.xlsx
H2-Aa,CON_higher,persistent_HFD_down,292,-1.99101401900032,-2.9696817669555,Common_Downregulated.xlsx
Fcerg1,CON_higher,persistent_HFD_down,293,-2.929751421676,-3.02999486246643,Common_Downregulated.xlsx
Cd3e,CON_higher,persistent_HFD_down,294,-2.03117786896408,-3.04965573041055,Common_Downregulated.xlsx
Mptx1,CON_higher,persistent_HFD_down,295,-1.89067618427471,-3.16101261522526,Common_Downregulated.xlsx
Ang4,CON_higher,persistent_HFD_down,296,-1.0326049353287,-3.18713662682699,Common_Downregulated.xlsx
Fcgbp,CON_higher,persistent_HFD_down,297,-1.77960059791756,-3.24008303501704,Common_Downregulated.xlsx
H2-Eb1,CON_higher,persistent_HFD_down,298,-2.0463071950747,-3.35587543442989,Common_Downregulated.xlsx
Clca1,CON_higher,persistent_HFD_down,299,-2.1070271510375,-3.6499108476632,Common_Downregulated.xlsx
H2-Ab1,CON_higher,persistent_HFD_down,300,-1.24461245514546,-3.68392819468447,Common_Downregulated.xlsx
Ifngr1,CON_higher,persistent_HFD_down,301,-2.92171159245524,-3.83848901518217,Common_Downregulated.xlsx
Itgal,CON_higher,persistent_HFD_down,302,-2.3947387596411,-4.4814195437606,Common_Downregulated.xlsx
