original_source	canonical_source	track	original_sha256	cleaned_sha256	execution_status
R/helpers.R	R/helpers.R	support	bc088d507ecac5b0a04e6268bedd1b545ed0432d4198d2bd063b3eeb467f89b4	bc088d507ecac5b0a04e6268bedd1b545ed0432d4198d2bd063b3eeb467f89b4	NOT_VERIFIED_BY_CLEANUP
analysis/00_environment_and_inputs.Rmd	analysis/00_environment_and_inputs.Rmd	teaching	76c94b41f87f1e9066238a3e9e24dbefbf3a8a68b80fc04f5742baf247e25dc9	76c94b41f87f1e9066238a3e9e24dbefbf3a8a68b80fc04f5742baf247e25dc9	NOT_VERIFIED_BY_CLEANUP
analysis/01_import_and_calculate_qc.Rmd	analysis/01_import_and_calculate_qc.Rmd	teaching	86526ad24be74f77e4b1fdefed84c822dd6fae0d50d7180ea4686426f545be08	86526ad24be74f77e4b1fdefed84c822dd6fae0d50d7180ea4686426f545be08	NOT_VERIFIED_BY_CLEANUP
analysis/02_review_qc_and_filter.Rmd	analysis/02_review_qc_and_filter.Rmd	teaching	e7c9c7a9a3b0f7789e345f230f0d037f3da2b9217b42743393dc3c0d9fb5e1ce	e7c9c7a9a3b0f7789e345f230f0d037f3da2b9217b42743393dc3c0d9fb5e1ce	NOT_VERIFIED_BY_CLEANUP
analysis/03_build_common_atac_peak_set.Rmd	analysis/03_build_common_atac_peak_set.Rmd	teaching	c1edef67041c3d3fd56d25ef0ee14bd75a2209608f72cfe576018347b24fab45	c1edef67041c3d3fd56d25ef0ee14bd75a2209608f72cfe576018347b24fab45	NOT_VERIFIED_BY_CLEANUP
analysis/04_merge_and_reduce_dimensions.Rmd	analysis/04_merge_and_reduce_dimensions.Rmd	teaching	c835586b6c51ce4e26ca7ebdb502f699821e12a35917aa9348dcc89f14ee170a	c835586b6c51ce4e26ca7ebdb502f699821e12a35917aa9348dcc89f14ee170a	NOT_VERIFIED_BY_CLEANUP
analysis/05_build_wnn_and_evaluate_clusters.Rmd	analysis/05_build_wnn_and_evaluate_clusters.Rmd	teaching	0243e03e9097361302f9eed5d4b72f9724350831c3e88a55193c10d44536706b	0243e03e9097361302f9eed5d4b72f9724350831c3e88a55193c10d44536706b	NOT_VERIFIED_BY_CLEANUP
analysis/05b_review_il17_C11_C17_offshoot.Rmd	analysis/05b_review_il17_C11_C17_offshoot.Rmd	optional_offshoot	a56a28fbfb33f0c66c7aaf810159ff0114dd571f9ad0aaa59102678631c7edde	a56a28fbfb33f0c66c7aaf810159ff0114dd571f9ad0aaa59102678631c7edde	NOT_VERIFIED_BY_CLEANUP
analysis/05c_map_gourab_d21_scRNA_to_wt_multiome.Rmd	analysis/05c_map_gourab_d21_scRNA_to_wt_multiome.Rmd	optional_offshoot	a507bbdff3fe76e52828f5d1bda3577ba6b3ed04d1cc99a81a7eca81a6b14332	a507bbdff3fe76e52828f5d1bda3577ba6b3ed04d1cc99a81a7eca81a6b14332	NOT_VERIFIED_BY_CLEANUP
analysis/05d_validate_gourab_wt_annotations_with_symmetric_pseudobulk.Rmd	analysis/05d_validate_gourab_wt_annotations_with_symmetric_pseudobulk.Rmd	optional_offshoot	79e0c3163403d55256844f20a454a23cbd9ff5e40f7366c4c4d34b6a814e6aa8	79e0c3163403d55256844f20a454a23cbd9ff5e40f7366c4c4d34b6a814e6aa8	NOT_VERIFIED_BY_CLEANUP
analysis/05e_refine_wt_crypt_stem_progenitor_states.Rmd	analysis/05e_refine_wt_crypt_stem_progenitor_states.Rmd	optional_offshoot	a22babbb761c28185fd340c866cb8af1eca68a91e5debbc7c61b7ca998024958	a22babbb761c28185fd340c866cb8af1eca68a91e5debbc7c61b7ca998024958	NOT_VERIFIED_BY_CLEANUP
analysis/05f_audit_refined_wt_crypt_v3_2026-09-25.Rmd	analysis/05f_audit_refined_wt_crypt.Rmd	optional_offshoot	9065b7bd3bf7ce13ec8ca1cc4fbcdebf449c8926b3947c9eac1cc0e6f3f6f994	9191417b2be62d7079d71e3c3abfb7ff439f1fdc99b061c4ed42b95c95a8e5be	NOT_VERIFIED_BY_CLEANUP
analysis/06_annotate_mouse_colon_cell_states.Rmd	analysis/06_annotate_mouse_colon_cell_states.Rmd	teaching	e785bc2847dcdef0ef32eb761664709a43d1a79b940b012c882e57c84a8bda1c	e785bc2847dcdef0ef32eb761664709a43d1a79b940b012c882e57c84a8bda1c	NOT_VERIFIED_BY_CLEANUP
analysis/07_analyze_within_cohort_diet_response.Rmd	analysis/07_analyze_within_cohort_diet_response.Rmd	teaching	6e7514181f4d9ad85fe3f2df092cd78f6edd8d46342add91549179f78ebc95a8	6e7514181f4d9ad85fe3f2df092cd78f6edd8d46342add91549179f78ebc95a8	NOT_VERIFIED_BY_CLEANUP
analysis/07b_model_wt_epithelial_trajectories.Rmd	analysis/07b_model_wt_epithelial_trajectories.Rmd	optional_offshoot	204e66d80b5dbb4fe155de2e594a7850f28a1222f395c6dfb0772dca771481d2	204e66d80b5dbb4fe155de2e594a7850f28a1222f395c6dfb0772dca771481d2	NOT_VERIFIED_BY_CLEANUP
analysis/07c_prioritize_wt_diet_response_candidates.Rmd	analysis/07c_prioritize_wt_diet_response_candidates.Rmd	optional_offshoot	70266a6b900d6e68a3279a48c4f041fca654025c1bed5443dfa07fb5230c6124	70266a6b900d6e68a3279a48c4f041fca654025c1bed5443dfa07fb5230c6124	NOT_VERIFIED_BY_CLEANUP
analysis/07d_whole_wnn_cluster_diet_response_v3_2026-10-01.Rmd	analysis/07d_whole_wnn_cluster_diet_response.Rmd	teaching	a6641a2b2a901c8208f88cf287197668cb049fd75d5eaffc04f47f753c06f037	e9ab5310cade98b02d72a6f0ad1ce999f9616612b0328d1fb25f6ff27a38656c	NOT_VERIFIED_BY_CLEANUP
analysis/07d_whole_wnn_cluster_rna_atac_baseline_2026-10-01.R	analysis/07d_whole_wnn_cluster_rna_atac_baseline.R	support	46e55d69d4e60c871ba1fbab52d189d9050804bb6df7bf964e687b164ad5b5b0	fc389a0f6222eda48bb033ec4aecc5d4cd811f0c9c68bae8a72b906e478af400	NOT_VERIFIED_BY_CLEANUP
analysis/08_validate_persistent_hfd_programs.Rmd	analysis/08_validate_persistent_hfd_programs.Rmd	optional_offshoot	7074707f923405f9531e9f8b1d3bfafefde1311031e764d1e51932887028d518	7074707f923405f9531e9f8b1d3bfafefde1311031e764d1e51932887028d518	NOT_VERIFIED_BY_CLEANUP
analysis/08b_refine_persistent_hfd_programs_in_matched_WT_populations.Rmd	analysis/08b_refine_persistent_hfd_programs_in_matched_WT_populations.Rmd	optional_offshoot	6de665aa548e9227f4b8384e94335d0769fbc813f94956b46e899210c961e9a0	6de665aa548e9227f4b8384e94335d0769fbc813f94956b46e899210c961e9a0	NOT_VERIFIED_BY_CLEANUP
analysis/08c_decompose_wt_broad_stem_and_prioritize_regulatory_loci.Rmd	analysis/08c_decompose_wt_broad_stem_and_prioritize_regulatory_loci.Rmd	optional_offshoot	0460f8c2071d9fa4a509c515300691cca7f60a89f8866e284c5eff78bb9cf2a1	0460f8c2071d9fa4a509c515300691cca7f60a89f8866e284c5eff78bb9cf2a1	NOT_VERIFIED_BY_CLEANUP
analysis/08d_enrich_wt_broad_stem_regulatory_motifs.Rmd	analysis/08d_enrich_wt_broad_stem_regulatory_motifs.Rmd	optional_offshoot	85493d0d602fe70072b5e5f1819425fac78a9013ae293b6393a0197e2f190674	85493d0d602fe70072b5e5f1819425fac78a9013ae293b6393a0197e2f190674	NOT_VERIFIED_BY_CLEANUP
analysis/08e_rebenchmark_refined_wt_crypt_diet_v3_2026-09-25.Rmd	analysis/08e_rebenchmark_refined_wt_crypt_diet.Rmd	optional_offshoot	a5d3536a495fe58a2a89ec301bcefe0f83c777a23e55a2ed1c545100c894bde9	93d2592855a6553c7ed345df345e22051cf9a6407f418e97a3309cc27fc7ddb2	NOT_VERIFIED_BY_CLEANUP
analysis/08f_score_wt_crypt_isc_ucell_and_accessibility_2026-09-28.Rmd	analysis/08f_score_wt_crypt_isc_ucell_and_accessibility.Rmd	optional_offshoot	3b4ffe103095e5ef7000fec3e57a0ff892b6961da032f9f1b928b29aff520cc9	16500828064fe75adc266a2fa0ecaa698fc809a9129ee34b4ce2cb486aa4a637	NOT_VERIFIED_BY_CLEANUP
analysis/08f_summarize_isc_ucell_review_2026-09-28.R	analysis/08f_summarize_isc_ucell_review.R	optional_offshoot	0feeb97b215f60a2e3c452b58257a994b83203bf6fbba716f2d393a3948489a7	9ce793361f95de8174d6f4ece9253ed70739284725694f69949a2376994a7e17	NOT_VERIFIED_BY_CLEANUP
analysis/08g_disentangle_C0_C2_and_C0W0_ISC_accessibility_2026-09-29.Rmd	analysis/08g_disentangle_C0_C2_and_C0W0_ISC_accessibility.Rmd	optional_offshoot	92f8d79a564653fdaebd72952a9e199659a4b80de7443da8347377e08cb956b1	27d371b51f2e13d3a7eadcecf9ebeea969b5357ffa566656a583cf2a50a10203	NOT_VERIFIED_BY_CLEANUP
analysis/08g_summarize_C0_C2_C0W0_review_2026-09-29.R	analysis/08g_summarize_C0_C2_C0W0_review.R	optional_offshoot	cc741e26b0a06b454098ace9eea9c946106a850d11b57f92994d20296bf38736	95fb78fb7dbc620c3a8b1b07ee14ad83e2c488ec305a52c3dc6b27f05d3589ef	NOT_VERIFIED_BY_CLEANUP
analysis/08h_freeze_wt_ISC_candidate_regions_and_audit_sex_2026-09-29.Rmd	analysis/08h_freeze_wt_ISC_candidate_regions_and_audit_sex.Rmd	optional_offshoot	489d16b9a8c0a2384d31e3f930f6333e09a4e52d1a376975187fd5d63136007a	1bc12f32e38a05c76c820da3e821e0f439d064423961d2250f19c7309a2c074a	NOT_VERIFIED_BY_CLEANUP
analysis/08i_compare_frozen_wt_isc_peaks_across_genotypes_2026-09-29.Rmd	analysis/08i_compare_frozen_wt_isc_peaks_across_genotypes.Rmd	optional_offshoot	17aaa8835ea41f9a35ec79c2b239ae0fbde584f1c5afa919df3db9e4f99ce834	ea138a8812972ff83325386c6c698a513af961e62907f184a7e27285c81a63dd	NOT_VERIFIED_BY_CLEANUP
analysis/08j_recount_frozen_wt_isc_intervals_in_ppar_il17_2026-09-29.Rmd	analysis/08j_recount_frozen_wt_isc_intervals_in_ppar_il17.Rmd	optional_offshoot	1e7264290285a8971745e5252571f0c11444fb364fb8d7437a9bfc8ed95281d8	38f29e3556e7210c74f98475838058d2cbda21da3605077a3c5437a97cde75bb	NOT_VERIFIED_BY_CLEANUP
analysis/08k_characterize_wt_isc_effect_attenuation_and_motifs_2026-09-30.Rmd	analysis/08k_characterize_wt_isc_effect_attenuation_and_motifs.Rmd	optional_offshoot	12493c4e631c4802d1717cc80e04e93e494fa31a65fef55b5906d94f2d552a8d	38d092b21344c41784c442beba2571af6b541ebd140063a86defa23ec102d3a1	NOT_VERIFIED_BY_CLEANUP
analysis/08l_analyze_wt_isc_hfd_opening_closing_regions_2026-09-30.Rmd	analysis/08l_analyze_wt_isc_hfd_opening_closing_regions.Rmd	optional_offshoot	8a54bd00ce6f257fe1fdbf03d53a80ba09dd038e201e88112e104a3387b1e91f	83d69c8534e7ff08b674d66cf2dc3ba07869e018e32f5507429e46ada40919af	NOT_VERIFIED_BY_CLEANUP
analysis/08m_make_isc_meeting_figures_v2_2026-10-01.R	analysis/08m_make_isc_meeting_figures.R	presentation	bd315135d854925bdcc4239461d33c6151afbc9fd0c05495c74d01c0754517d8	1b178242b35fbedbff838df4de9c8837769de7140ecb2b288da7814d03025994	NOT_VERIFIED_BY_CLEANUP
analysis/08n_define_wt_isc_interval_loss_and_pathways_2026-10-01.Rmd	analysis/08n_define_wt_isc_interval_loss_and_pathways.Rmd	optional_offshoot	3305fe6a373ecc2975c76d14b5f008c28142c51ec353a8aa0ee9009b05febfaf	174926fe1c0561738ee38ffac2a0bfc4c162779077ab00ed4196327fbed721eb	NOT_VERIFIED_BY_CLEANUP
analysis/08o_test_wt_isc_loss_group_motifs_2026-10-01.Rmd	analysis/08o_test_wt_isc_loss_group_motifs.Rmd	optional_offshoot	3975760fbe2f927c34d9f3d6a30074e59644cb19e8c0657585275f0574bb9891	adbcd4e5d4b1622b9f6abc99faba5cce1efa3f8fe013ca32a55ea42c9ccae0ac	NOT_VERIFIED_BY_CLEANUP
analysis/08p_make_wt_isc_loss_review_figures_2026-10-01.Rmd	analysis/08p_make_wt_isc_loss_review_figures.Rmd	optional_offshoot	5c13d70dd5db994b0930da6d9b402e7f4e6ce304a40d84e34b4eeaaf92379217	49380be3501e2b2ea03e2574a493dcdded1a1e99d9c22743a4512c0db2f7970e	NOT_VERIFIED_BY_CLEANUP
analysis/08q_define_wt_isc_program_pathways_2026-10-01.Rmd	analysis/08q_define_wt_isc_program_pathways.Rmd	optional_offshoot	1674064db9262e4116951aab5342a921ab1f7a7c8489f8cc29bddf7a5fea9b1a	30236f8fff4c22ead6d9c6825ccd3655905725cf4cffec9be64f8ddb45ed7113	NOT_VERIFIED_BY_CLEANUP
analysis/08s_prepare_shared_homer_inputs_2026-10-01.py	analysis/08s_prepare_shared_homer_inputs.py	optional_offshoot	6da6b42bbd48845cac88071eb5bd392dd94c69dc1d6ce716d6badc56089d3688	a64d073c52f0b7eeb2867d6deeea1847b46c29f0e4aca14c34245c0571872a5d	NOT_VERIFIED_BY_CLEANUP
analysis/08s_prepare_wt_622_homer_inputs_v2_2026-10-02.py	analysis/08s_prepare_wt_622_homer_inputs.py	optional_offshoot	0c6ac1495db84c039c984e36a877e9589aa56619f66c3432490af7fc86753efb	8b92a691cd841826ebe0d284a5c09ce7d6d9891d27474fa61d9f489150956dd7	NOT_VERIFIED_BY_CLEANUP
analysis/08t_gourab_gene_region_overlay_v3_2026-10-02.Rmd	analysis/08t_gourab_gene_region_overlay.Rmd	optional_offshoot	3ef5d316aef43d8f630047605869c5c340b324a5c5fd0d26d8f4e49ae10b9c90	063eca5c9bd55200a27a93905bb6b86b6501f58bbd26196ffada71ec535b98d0	NOT_VERIFIED_BY_CLEANUP
analysis/09_prepare_multicohort_diet_program_figures.Rmd	analysis/presentation_multicohort_diet_program_figures.Rmd	presentation	b6b898844578f5f5405546e394c5712520fe6ee84c42206133add71279de7745	6a9a02276c9c5db1070aa1426d8413f9c235f7825af9cea24dcf0c46cc342320	NOT_VERIFIED_BY_CLEANUP
analysis/R/wt_crypt_followup_helpers_v3_2026-09-25.R	analysis/R/wt_crypt_followup_helpers.R	support	e0ddbf498ce3efdf7cb7622e301df4465695931f20e7fc38f65bb390f2e90c2c	9c4492929a4e5687f9c1b662acd384622203e319920bac414b8357e65037a233	NOT_VERIFIED_BY_CLEANUP
config/project_config.R	config/project_config.R	support	84faad765ee56795e02769a98926377d471206715dd6cae84723c8ed2968eeed	0a9f4f19dff37679733da9f6fe3d0369be66547cbd98b4e08e0e7a21ccb1e987	NOT_VERIFIED_BY_CLEANUP
make_wt_08f_isc_ucell_review_pack_2026-09-28.sh	make_wt_08f_isc_ucell_review_pack.sh	support	122a0e24828ea4383242f49bf3b7618d369528205755802ffb3649b020c3bae1	c6c902ec4e6adc46622f36cd0af29514153c7acc6fb13c9533757ecd3b68c57e	NOT_VERIFIED_BY_CLEANUP
make_wt_08g_C0_C2_C0W0_review_pack_2026-09-29.sh	make_wt_08g_C0_C2_C0W0_review_pack.sh	support	f5c28945bb1e5ea908676c273b10eaf843353e8d9fd369e7f767650dcf58e048	843e399185a3cdb29b714b1d2f021dca47f7106a773c987490170ad0ee7865e3	NOT_VERIFIED_BY_CLEANUP
make_wt_08h_ISC_region_sex_review_pack_2026-09-29.sh	make_wt_08h_ISC_region_sex_review_pack.sh	support	cacf97155b1e39a4daa20f6fec8f7deb37bdac84ae642152f8781db3edff9ca0	ce6e70627f9a0a7d8f4c6843020b751746028925023cfdc22dc69b830d297cd1	NOT_VERIFIED_BY_CLEANUP
make_wt_crypt_followup_review_pack_v3_2026-09-25.sh	make_wt_crypt_followup_review_pack.sh	support	6bc78b064a0aff6df4cc21a12305b4948d2c4dd84c465a4b0ab81e4d541826d1	a46572efad401237c04a8ca6909f114473926f16ce1e4f9c77d5d12bdf1c956e	NOT_VERIFIED_BY_CLEANUP
make_wt_crypt_meeting_figures.R	make_wt_crypt_meeting_figures.R	presentation	3bd16cb14266987d1ab6840aae964f5d8710261981850f8d860711528ad7ca6b	3bd16cb14266987d1ab6840aae964f5d8710261981850f8d860711528ad7ca6b	NOT_VERIFIED_BY_CLEANUP
make_wt_crypt_review_pack_to_results.sh	make_wt_crypt_review_pack_to_results.sh	support	d1deb3cd25d0c2f0e82b61dd9093a40459ed12ea1c889fee2198eccc7479a6e2	7db4fc3be1d08f80dbf267219c1e77e106460e9cbfc08b1f841f09f2dc0d977c	NOT_VERIFIED_BY_CLEANUP
make_wt_step05c_review_pack_v2_0_1.sh	make_wt_step05c_review_pack.sh	support	f58b3b9ad1e65969272607e21f132522bd02e55549aad55422779f50d3706428	9589bab76ded56c8a8d703aed6a39e2cf45cc8ac1a738678c65cd893a85e5480	NOT_VERIFIED_BY_CLEANUP
make_wt_step05d_review_pack.sh	make_wt_step05d_review_pack.sh	support	54aa61fa5771cba03feafc81aa6fa1864c14049aa4422f413b87b0dafc076899	54aa61fa5771cba03feafc81aa6fa1864c14049aa4422f413b87b0dafc076899	NOT_VERIFIED_BY_CLEANUP
analysis/make_wt_step05e_review_pack_v5_2026-09-25.sh	make_wt_step05e_review_pack.sh	support	c334d2df67c590796fa4d76a2edbab1fed353560b417921e4b9813f2c1f6b244	c334d2df67c590796fa4d76a2edbab1fed353560b417921e4b9813f2c1f6b244	NOT_VERIFIED_BY_CLEANUP
make_wt_step07b_review_pack.sh	make_wt_step07b_review_pack.sh	support	99d19ea2dab2800c09fe74ac7d1dadf3fe4a48a29a6cd8b0ac2b6587a4eeb14d	99d19ea2dab2800c09fe74ac7d1dadf3fe4a48a29a6cd8b0ac2b6587a4eeb14d	NOT_VERIFIED_BY_CLEANUP
make_wt_step08b_review_pack.sh	make_wt_step08b_review_pack.sh	support	c75001e01ca694b632f50dec558fb0e70a2e42f7b48e2a7cca37f6e43dfa2123	c75001e01ca694b632f50dec558fb0e70a2e42f7b48e2a7cca37f6e43dfa2123	NOT_VERIFIED_BY_CLEANUP
make_wt_step08c_review_pack.sh	make_wt_step08c_review_pack.sh	support	defcb373358bf0af752a4c543ad44adf83d90716249c587834881bf8422fb9cf	defcb373358bf0af752a4c543ad44adf83d90716249c587834881bf8422fb9cf	NOT_VERIFIED_BY_CLEANUP
plot_vilb_pseudostem_walkthrough.R	plot_vilb_pseudostem_walkthrough.R	support	2f2511116062806cf70c190d89a909ba24c150c0e2e5b886dd59761da9de5dc6	f58e5b854cea38b5b6767f23cae8a86f291a352b266bb7e32a696463ddd51657	NOT_VERIFIED_BY_CLEANUP
run_wt_08s_622_baseline_homer_v3_2026-10-02.sh	run_wt_08s_622_baseline_homer.sh	support	bb5c0ac5a14221528e9b940eba14a1ca0c09be9ccbe8b7cd2e04aba5c754d99d	5bbff8a99663b4f508ee30cbe9e59cfa922f5d267779e40bf31b5bb0c4e3e6ae	NOT_VERIFIED_BY_CLEANUP
run_wt_08s_shared_homer_v3_2026-10-02.sh	run_wt_08s_shared_homer.sh	support	770de76bc320a98490bf8bdc5b0edad9bac99978282909b9cc358c1e614be849	72406dfd5495992ad6d7c409abb0733bf4c8c6a9b4ab3a35e307831fc88d7bfc	NOT_VERIFIED_BY_CLEANUP
scriptrun.sh	scriptrun.sh	support	d3feb1f5a76483ebd4cd12e591a0ed73379af16a4a4cf54dba6c1f75a8b648aa	072fc1ffe3c7be7ae8e50c061b58ef204f17d2919066fe7450732e9ee0624da4	NOT_VERIFIED_BY_CLEANUP
setup/install_packages.R	setup/install_packages.R	support	e219afe22dbcf5ce178d1e8a7722737581aa813d7fc4533199ee3da35d5950d6	9db9c8401b17f34800d431371b70e852908e3c8722957f6c4be3ae16a788e337	NOT_VERIFIED_BY_CLEANUP
tests/test_cohort_configuration.R	tests/test_cohort_configuration.R	support	bbc20d7cb4fe23f146288dc0c9c4e8f4a86dfbcc955adfa7f7e9023dde075bc2	bbc20d7cb4fe23f146288dc0c9c4e8f4a86dfbcc955adfa7f7e9023dde075bc2	NOT_VERIFIED_BY_CLEANUP
